,Alabama,Alaska,Arizona,Arkansas,California,Colorado,Connecticut,Delaware,Florida,Georgia,Hawaii,Idaho,Illinois,Indiana,Iowa,Kansas,Kentucky,Louisiana,Maine,Maryland,Massachusetts,Michigan,Minnesota,Mississippi,Missouri,Montana,Nebraska,Nevada,New Hampshire,New Jersey,New Mexico,New York,North Carolina,North Dakota,Ohio,Oklahoma,Oregon,Pennsylvania,Rhode Island,South Carolina,South Dakota,Tennessee,Texas,Utah,Vermont,Virginia,Washington,West Virginia,Wisconsin,Wyoming,DC,Canada,US,China,Italy,Spain,South Korea,Australia,Germany,France,Japan,Iran,UK,World,Pacific,Rockies,Southwest,Midwest,Southeast,Northeast,Deep South,East
2020-03-30,2.26941239209809,1.8927892607143724,4.827121652228074,2.454203697303755,4.722656434431558,3.751400446957539,7.228262518959628,1.8927892607143724,3.537748754518128,6.772872901659095,,3.0,2.7214297739317956,6.180128151318436,3.0,3.0,4.60068580235386,4.712804096677853,1.8927892607143724,1.8927892607143724,4.424309542070845,3.0,2.26941239209809,3.0,5.654885539590724,1.2920296742201791,0.0,5.128533874054364,1.8927892607143724,3.4306528824585563,3.0,2.4821301803808966,3.7158378775400003,3.0,2.7932945771473476,3.0,7.228262518959628,2.5328755187162635,0.0,6.389976654657373,inf,2.454203697303755,3.7906864891095418,1.5,11.405352050771793,5.128533874054364,7.7950555059016935,0.0,5.830074629624195,,1.8927892607143724,5.290626523912328,3.2840492909978,572.1923677995394,8.728889159697765,5.113814302742489,16.230281689458806,7.751474836693859,3.277603743692043,4.987668314985081,21.40141333340841,14.061365054636841,3.3679497605318227,6.430299191234058,6.240674565835068,3.4306528824585563,3.7970985909231585,3.206665443976613,4.205669860305291,2.6978872240799228,4.372001666410858,2.7714594655834937
2020-03-29,0.9030899869919434,3.0,2.758714952090381,1.8927892607143724,4.883239246927533,2.2959277298695384,4.315643777953857,1.1605584217036247,3.159977238579775,4.070746346570171,,4.070746346570171,2.2322185911088823,3.287537358051849,1.5,2.454203697303755,3.537748754518128,3.4747747822129416,0.0,2.26941239209809,3.1877376286883305,2.693828160560429,1.3825362618551105,2.454203697303755,5.654885539590724,0.0,0.0,5.128533874054364,3.0,3.027040934350474,3.0,2.2630057829263874,2.454203697303755,0.0,3.1542742956053775,2.5154172481688626,12.447714438546335,2.526045628785685,0.0,3.6141312594798136,inf,2.1200851578342714,3.6713597367115307,3.0,7.228262518959628,3.0,7.489927366224319,,3.537748754518128,,4.070746346570171,3.9889771978448305,2.915612066555701,527.4576617359779,7.655192553402214,4.686112945310358,13.985719803007072,10.014678786465396,3.0081346245093616,4.8327389161029215,14.9776346107345,12.452848133057138,2.763179092942753,5.986603099876461,6.394488148056929,2.7652601171179088,3.1234654810597187,2.6912789294974577,3.180871804351866,2.433759640253089,3.279106435552653,2.375232207565673
2020-03-28,1.5,3.0,2.26941239209809,2.26941239209809,3.9526113493947617,3.144007126566714,3.7666362628650636,0.0,2.4363987326391676,3.8139001721145163,,0.0,2.2959277298695384,2.6158804787909054,1.8927892607143724,7.228262518959628,3.537748754518128,2.788974296031464,0.0,9.31885115851617,1.9323160905258674,2.1927402422575577,1.2920296742201791,1.4181197392703855,9.31885115851617,0.0,0.0,4.070746346570171,3.0,2.5530030960755257,inf,2.2173333616198225,2.26941239209809,0.0,2.5328755187162635,1.8927892607143724,7.925780387433421,2.5411405452523095,0.0,2.728424436027254,inf,2.454203697303755,3.0,inf,5.128533874054364,5.654885539590724,6.0083345673247734,,2.343552410715393,,3.0,2.9301260404203235,2.7153370702259654,488.9650884286352,7.180900095653515,4.202164976000802,15.5726792090533,3.7158378775400003,2.799231587488638,3.761372209018085,14.38251395965506,10.82235464342702,2.651157967039445,5.626295730498408,5.169463170573588,2.9097204085972517,2.551346192076429,2.3985857036239686,2.842488824749842,2.310849578282948,2.794521527608994,3.644659154873228
2020-03-27,0.0,0.0,2.17626021383776,5.128533874054364,3.294051180432805,1.7095112913514547,2.564266937027182,0.0,3.127091191736335,3.0,-0.0,0.0,2.758714952090381,2.833145603768191,0.0,3.0,3.7158378775400003,2.1877756025801975,0.0,9.31885115851617,1.7965670496430914,1.547508946081004,1.5,1.0,8.274262468351179,0.0,,2.26941239209809,inf,2.3157870817137653,0.0,2.2600340415558313,0.0,0.0,2.4039857825729554,2.1200851578342714,5.128533874054364,2.0555947683257436,,2.17626021383776,inf,1.8927892607143724,2.6894318890159914,inf,5.830074629624195,19.736440436881743,6.870652463818255,,2.0196215290624853,,5.128533874054364,2.8450910945594408,2.5793199364669035,455.8821102314209,7.117859044508673,3.4416933087356614,14.14757486432433,4.283023823894148,2.6708646343744,3.497685253986966,15.919756833903929,10.06168077726374,3.5409143609226392,5.484110284431243,5.033764027218401,1.773177808169343,2.375232207565673,2.085399886795714,2.5448013158739275,2.274500794854314,2.4039857825729554,7.751474836693859
2020-03-26,0.0,0.0,1.5,0.0,2.8450910945594408,2.0825052607128156,2.8027185266409727,0.0,4.360110263602038,3.1877376286883305,,0.0,2.6894318890159914,2.343552410715393,0.0,5.128533874054364,9.31885115851617,2.4081754388880183,,7.228262518959628,2.0353731732850866,1.4823256809964724,3.0,1.1605584217036247,2.564266937027182,,,2.26941239209809,inf,1.8927892607143724,0.0,2.334750471915953,0.0,,2.26941239209809,1.6598842669953366,2.637354467360322,1.8927892607143724,,3.537748754518128,inf,5.128533874054364,2.454203697303755,inf,3.537748754518128,4.070746346570171,6.512757673469768,,3.0,,5.128533874054364,4.966300968864625,2.652346184053334,401.51480022988494,6.898117148077369,3.26988166457304,12.551926525743546,3.3591435137582963,2.6829277694203966,3.067244161580465,18.487542880204217,9.932254395821504,3.809080421746505,5.565592002514045,4.535316089717928,2.0555947683257436,1.9880535904988488,2.0661318737296144,2.897779454044925,2.26941239209809,2.826454174233803,4.070746346570171
2020-03-25,0.0,0.0,1.8927892607143724,0.0,2.6894318890159914,2.1200851578342714,2.4039857825729554,,3.644659154873228,4.424309542070845,,,2.7829248694704867,2.454203697303755,0.0,5.128533874054364,4.070746346570171,1.7642495455702347,,7.228262518959628,1.8927892607143724,1.3295869984410953,inf,1.8927892607143724,2.1200851578342714,,,1.8927892607143724,0.0,1.8379332339580776,0.0,2.3356238728451784,0.0,,1.6004531476811517,2.26941239209809,3.0,1.5732418036508555,,2.454203697303755,inf,5.128533874054364,2.728424436027254,inf,1.5,5.128533874054364,6.588055162328203,,3.7158378775400003,,inf,5.830074629624195,2.6281416378242772,340.5074942074701,6.602910261636403,2.845173200479888,10.836576270096224,15.5726792090533,2.6503834750710706,3.062531913398833,9.31885115851617,9.941918491123937,4.140016504951753,5.612392629245965,4.572852871152271,2.2162515508849423,2.3157870817137653,1.9907628752296267,2.7532099359558067,2.17963715142725,2.611276533642886,5.654885539590724
2020-03-24,,,1.2920296742201791,0.0,2.833145603768191,3.0,1.8927892607143724,,6.389976654657373,2.5154172481688626,0.0,,2.1200851578342714,1.8927892607143724,,inf,7.228262518959628,1.9690699075763334,,3.0,0.8671944789536634,1.325653729464479,inf,inf,2.454203697303755,,,3.0,0.0,2.0555947683257436,,1.6598842669953366,,,2.1200851578342714,1.8927892607143724,4.424309542070845,1.5,,4.070746346570171,inf,3.0,2.375232207565673,0.0,1.6598842669953366,1.3825362618551105,9.88819277218711,,9.31885115851617,,3.0,6.629655441018274,2.497025360481404,309.0794633022886,6.0091002190038925,2.9123066123784027,12.795072845396177,15.5726792090533,3.3248242727022133,3.0880648518060756,10.101631240549096,9.561882984227191,3.512267216825132,5.758671630327677,5.994856526888441,2.6894318890159914,1.9807560663410795,2.158356426285123,2.5897133626301874,1.6803278080285773,2.7102347039640735,1.7642495455702347
2020-03-23,,,0.0,,3.937833357551162,3.7158378775400003,1.7271499274803346,,3.537748754518128,3.1799317588818012,,,2.375232207565673,1.6598842669953366,,3.0,3.0,2.26941239209809,,1.8927892607143724,0.9463946303571862,1.2920296742201791,0.0,inf,3.0,,,1.5,0.0,2.3157870817137653,,1.5694781898966383,,,1.8927892607143724,3.0,4.070746346570171,1.1605584217036247,,1.2920296742201791,inf,0.0,3.537748754518128,0.0,2.26941239209809,1.8927892607143724,7.630774429820091,,4.070746346570171,,3.0,2.833145603768191,2.5471496088349075,323.15400260907603,5.068734977329621,2.6137456315892207,12.509016151066607,inf,3.4229956039160463,3.1991029958431767,8.622590009085613,8.861468334530342,3.2730224690790166,5.494418976834909,6.132417061883858,2.375232207565673,2.6894318890159914,2.0270366950064655,2.572108225845312,1.6233793408196897,2.6519465170861416,1.8927892607143724
2020-03-22,,,0.0,,4.070746346570171,5.128533874054364,1.5,,5.654885539590724,2.26941239209809,,,2.564266937027182,1.8927892607143724,,3.0,5.128533874054364,3.0,,1.8927892607143724,0.0,1.8927892607143724,0.0,inf,1.8927892607143724,,,3.0,,2.6041596737631494,,1.6826500866132175,,,0.0,3.0,4.070746346570171,1.5,,1.8927892607143724,inf,0.0,6.180128151318436,0.0,0.0,1.8927892607143724,7.683255702856542,,0.0,,0.0,2.454203697303755,2.7416387401878053,423.29546755612,4.376574163907363,2.774926788958094,15.5726792090533,13.48966831680576,2.7393326816383223,2.0324281599889256,9.617110568789412,7.651043282378096,2.9097204085972517,5.285822895273794,6.321931582547808,3.537748754518128,3.4306528824585563,1.804006685076747,2.6894318890159914,1.7027650368390055,2.8192035265852367,1.8927892607143724
2020-03-21,,,0.0,,3.3916593886358712,3.0,0.0,,3.3591435137582963,1.3498966119565567,,,1.1605584217036247,3.0,,3.0,1.8927892607143724,1.5,,0.0,0.0,0.0,0.0,0.0,0.0,,,3.0,,1.2422167361359118,,1.5732418036508555,,,0.0,0.0,2.26941239209809,0.0,,1.8927892607143724,inf,0.0,4.070746346570171,,0.0,inf,3.8798330947099826,,0.0,,0.0,2.4039857825729554,2.1747769720413386,375.45376305909303,4.309198256046105,2.626676853453591,10.710157744364862,13.48966831680576,1.8927892607143724,1.5584634541714326,11.057787110850263,6.591237094121215,1.7642495455702347,5.254281887879197,3.688986522058441,3.0,2.454203697303755,1.1829406238788813,1.8321394779892013,1.3879485391710702,1.7642495455702347,3.0
2020-03-20,,,,,3.196251588412138,3.0,0.0,,4.070746346570171,0.8107144632819592,,,1.2920296742201791,inf,,inf,3.0,1.6598842669953366,,0.0,0.0,0.0,,0.0,0.0,,,inf,,1.6004531476811517,,1.773177808169343,,,0.0,0.0,1.8927892607143724,0.0,,inf,inf,,1.2920296742201791,,0.0,inf,5.053229729667361,,0.0,,0.0,2.375232207565673,2.551346192076429,293.064412066942,4.361496230969087,3.097472120728856,13.970457683191302,6.180128151318436,2.0254850721334847,1.8699420106986617,16.093287489159614,5.592260849716638,1.7981531073318346,5.821199221152136,4.407088761850174,4.070746346570171,1.1605584217036247,1.5576328689906223,1.8927892607143724,1.5732418036508555,1.773177808169343,5.128533874054364
2020-03-19,,,,,2.2017216181311574,1.5,0.0,,3.537748754518128,0.9030899869919434,,,0.0,3.0,,inf,3.0,1.7271499274803346,,0.0,,0.0,,0.0,0.0,,,inf,,1.3825362618551105,,1.6992019025284189,,,,0.0,1.8927892607143724,0.0,,inf,inf,,0.0,,,3.0,4.803913345382483,,,,,2.564266937027182,2.4302020580662753,210.08686306648366,4.559548154316148,2.345371583777698,10.75361515283238,3.0,2.1866386826337103,4.193697739689967,29.099799742400567,5.084508292010174,2.305618076620792,6.3895174371168,3.934422688407326,2.26941239209809,0.0,1.5,1.8927892607143724,1.547508946081004,1.8927892607143724,1.8927892607143724
2020-03-18,,,,,2.6894318890159914,3.0,,,3.7158378775400003,1.8927892607143724,,,0.0,0.0,,inf,0.0,3.0,,,,,,,,,,0.0,,5.128533874054364,,1.2422167361359118,,,,,3.0,,,0.0,inf,,0.0,,,3.0,6.529807436628299,,,,,1.0,3.313587569787467,176.31271012711653,4.17158365460847,2.707183773464656,18.3487661225991,3.0,2.225645919458183,4.275582831468981,7.527298189295259,4.625128016120606,1.6876615716588423,6.827233304483634,5.220167841106404,1.8927892607143724,0.0,2.26941239209809,2.564266937027182,1.5576328689906223,2.5154172481688626,3.0
2020-03-17,,,,,2.375232207565673,3.0,,,3.0,inf,,,0.0,0.0,,inf,0.0,1.5,,,,,,,,,,0.0,,1.8927892607143724,,1.1109301866086894,,,,,0.0,,,0.0,inf,,0.0,,,3.0,5.245614095801339,,,,,1.2920296742201791,3.0,180.4879092340545,3.7660624658400836,2.0680222010236293,17.654847577085157,4.070746346570171,2.1200851578342714,4.275582831468981,7.527298189295259,4.326889823739148,2.1200851578342714,6.787419129132297,4.315643777953857,1.8927892607143724,0.0,2.26941239209809,2.26941239209809,1.2422167361359118,2.17626021383776,3.0
2020-03-16,,,,,3.7158378775400003,0.0,,,2.26941239209809,inf,,,,0.0,,inf,0.0,0.0,,,,,,,,,,0.0,,3.0,,0.0,,,,,0.0,,,0.0,inf,,,,,0.0,7.98915317802681,,,,,1.5,3.5095843289794377,179.75728652371703,3.8990537071608973,2.2017216181311574,16.266812938740635,inf,2.343552410715393,3.3124552318260907,5.917626768880232,4.105217366304943,1.0686215613240666,7.5175759269875115,6.669587687597364,0.0,,5.128533874054364,1.5,0.8368288369533894,1.6004531476811517,0.0
2020-03-15,,,,,5.128533874054364,0.0,,,3.0,inf,,,,,,0.0,,0.0,,,,,,,,,,,,3.0,,0.0,,,,,0.0,,,,inf,,,,,0.0,8.158119929924158,,,,,inf,4.577693795943627,213.81186030661917,2.6566700930637537,1.253360065644406,16.266812938740635,inf,1.6004531476811517,3.2508620708620373,6.529807436628299,3.9734465187069605,2.1546810740992224,6.692338047810748,7.053747574109048,0.0,,3.0,2.1200851578342714,1.2920296742201791,2.454203697303755,0.0
2020-03-14,,,,,4.070746346570171,0.0,,,5.128533874054364,0.0,,,,,,0.0,,0.0,,,,,,,,,,,,inf,,0.0,,,,,,,,,inf,,,,,0.0,8.535521570928829,,,,,inf,5.128533874054364,206.44781013498948,3.7447989376781767,1.619483193346881,11.405352050771793,inf,1.8927892607143724,3.2508620708620373,5.429461116851313,3.8098962372306984,2.1546810740992224,8.970202828194989,7.64686915699839,0.0,,3.0,1.8927892607143724,1.8927892607143724,2.26941239209809,0.0
2020-03-13,,,,,3.0,,,,inf,0.0,,,,,,0.0,,,,,,,,,,,,,,inf,,,,,,,,,,,0.0,,,,,,4.373870204719858,,,,,inf,4.014806984909656,149.24477623712082,2.986365763692757,1.5576328689906223,10.362457442482139,inf,1.6598842669953366,2.382111999088087,3.2397428549981875,3.6551969554462134,7.228262518959628,8.759198725094887,4.203471475671237,,,0.0,5.128533874054364,inf,5.128533874054364,
2020-03-12,,,,,0.0,,,,0.0,0.0,,,,,,,,,,,,,,,,,,,,0.0,,,,,,,,,,,0.0,,,,,,0.0,,,,,inf,3.4782750800829993,125.80334897491241,3.5847641676367203,3.0800669835323613,9.479461749023825,-7.228262518959627,5.128533874054364,2.243770752857042,-34.30028063475879,3.504302044601979,3.0,12.488017931160588,0.0,,,0.0,0.0,0.0,0.0,
2020-03-11,,,,,0.0,,,,0.0,,,,,,,,,,,,,,,,,,,,,0.0,,,,,,,,,,,0.0,,,,,,0.0,,,,,0.0,3.857987090552794,101.6616521480688,2.55092565757144,1.799181738356391,11.405352050771793,-7.228262518959627,0.0,2.243770752857042,2.26941239209809,3.457445213841793,2.1200851578342714,10.745266277878255,0.0,,,0.0,0.0,0.0,0.0,
2020-03-10,,,,,0.0,,,,0.0,,,,,,,,,,,,,,,,,,,,,0.0,,,,,,,,,,,,,,,,,0.0,,,,,0.0,4.167291292655828,97.76157327291016,2.087232326327104,1.6598842669953366,10.153800168728953,5.128533874054364,0.0,1.8927892607143724,4.070746346570171,2.985174866681191,1.8927892607143724,11.517902856417713,0.0,,,,0.0,0.0,0.0,
2020-03-09,,,,,,,,,,,,,,,,,,,,,,,,,,,,,,,,,,,,,,,,,,,,,,,,,,,,0.0,4.60068580235386,82.13355370141726,2.43345205449178,1.2070361385032689,8.939132593792923,3.0,0.0,2.7829248694704867,1.9966717604492485,3.2101116341771165,3.0,14.438032415384033,,,,,,,,
2020-03-08,,,,,,,,,,,,,,,,,,,,,,,,,,,,,,,,,,,,,,,,,,,,,,,,,,,,,3.7158378775400003,75.62254353237154,2.296656919503226,1.1988010356736314,5.830074629624195,3.0,,1.804006685076747,inf,3.49468749808716,1.8927892607143724,16.318678900518055,,,,,,,,
2020-03-07,,,,,,,,,,,,,,,,,,,,,,,,,,,,,,,,,,,,,,,,,,,,,,,,,,,,,4.776832571345634,70.68423235442683,2.6720840897271003,1.2920296742201791,9.086817222978075,inf,,2.0555947683257436,inf,4.5707520377354625,0.0,23.282478781807736,,,,,,,,
2020-03-06,,,,,,,,,,,,,,,,,,,,,,,,,,,,,,,,,,,,,,,,,,,,,,,,,,,,,3.0,64.1676654806934,2.275707982493121,1.2920296742201791,5.128533874054364,3.0,,2.564266937027182,inf,4.364209140269115,0.0,22.92745731434414,,,,,,,,
2020-03-05,,,,,,,,,,,,,,,,,,,,,,,,,,,,,,,,,,,,,,,,,,,,,,,,,,,,,3.0,60.98761217300397,1.9880535904988488,0.0,9.31885115851617,3.0,,3.0,inf,4.303710762301497,0.0,25.41747385034617,,,,,,,,
2020-03-04,,,,,,,,,,,,,,,,,,,,,,,,,,,,,,,,,,,,,,,,,,,,,,,,,,,,,0.8671944789536634,54.79888601425333,1.8137802186260352,0.0,2.8795756407767485,3.0,,3.0,inf,3.9028225600632194,,25.17272111266129,,,,,,,,
2020-03-03,,,,,,,,,,,,,,,,,,,,,,,,,,,,,,,,,,,,,,,,,,,,,,,,,,,,,1.0686215613240666,54.626004175820015,2.074976146366256,0.0,3.7158378775400003,0.0,,3.0,11.405352050771793,3.5692114707728537,,28.9525616991519,,,,,,,,
2020-03-02,,,,,,,,,,,,,,,,,,,,,,,,,,,,,,,,,,,,,,,,,,,,,,,,,,,,,0.0,47.78607563155661,2.293363556783535,,2.7102347039640735,0.0,,5.128533874054364,5.128533874054364,3.1350213632175374,,29.065615955510175,,,,,,,,
2020-03-01,,,,,,,,,,,,,,,,,,,,,,,,,,,,,,,,,,,,,,,,,,,,,,,,,,,,,0.0,46.3175570626538,3.0,,7.751474836693859,0.0,,inf,5.128533874054364,2.8450910945594408,,33.180226781616355,,,,,,,,
2020-02-29,,,,,,,,,,,,,,,,,,,,,,,,,,,,,,,,,,,,,,,,,,,,,,,,,,,,,0.0,48.07959123390757,2.3566036260917347,,7.228262518959628,,,inf,2.26941239209809,2.5459604389621746,,34.71386198700981,,,,,,,,
2020-02-28,,,,,,,,,,,,,,,,,,,,,,,,,,,,,,,,,,,,,,,,,,,,,,,,,,,,,,45.33219478271283,2.8027185266409727,,7.925780387433421,,,3.0,1.5,2.758714952090381,,35.36567687049809,,,,,,,,
2020-02-27,,,,,,,,,,,,,,,,,,,,,,,,,,,,,,,,,,,,,,,,,,,,,,,,,,,,,,36.7384687989234,2.343552410715393,,4.283023823894148,,,3.0,1.5,2.6894318890159914,,30.578487926457118,,,,,,,,
2020-02-26,,,,,,,,,,,,,,,,,,,,,,,,,,,,,,,,,,,,,,,,,,,,,,,,,,,,,,19.698179965900096,1.5,,3.0,,,3.0,3.0,2.4039857825729554,,18.076738670301555,,,,,,,,
2020-02-25,,,,,,,,,,,,,,,,,,,,,,,,,,,,,,,,,,,,,,,,,,,,,,,,,,,,,,23.889128941602287,1.2920296742201791,,1.2920296742201791,,,inf,inf,1.7877660610727109,,21.468007667601402,,,,,,,,
2020-02-24,,,,,,,,,,,,,,,,,,,,,,,,,,,,,,,,,,,,,,,,,,,,,,,,,,,,,,14.038238983115974,1.0686215613240666,,1.5,,,inf,inf,1.8927892607143724,,13.395961826619477,,,,,,,,
2020-02-23,,,,,,,,,,,,,,,,,,,,,,,,,,,,,,,,,,,,,,,,,,,,,,,,,,,,,,23.486367162302518,0.0,,1.1605584217036247,,,inf,inf,1.5,,22.070717055374526,,,,,,,,
2020-02-22,,,,,,,,,,,,,,,,,,,,,,,,,,,,,,,,,,,,,,,,,,,,,,,,,,,,,,14.458046043068883,0.0,,0.0,,,inf,inf,2.26941239209809,,14.146922236486416,,,,,,,,
2020-02-21,,,,,,,,,,,,,,,,,,,,,,,,,,,,,,,,,,,,,,,,,,,,,,,,,,,,,,18.811346858102038,0.0,,0.0,,,inf,inf,0.0,,18.124102242778797,,,,,,,,
2020-02-20,,,,,,,,,,,,,,,,,,,,,,,,,,,,,,,,,,,,,,,,,,,,,,,,,,,,,,11.394171279483196,,,0.0,,,inf,inf,0.0,,11.256796172341621,,,,,,,,
2020-02-19,,,,,,,,,,,,,,,,,,,,,,,,,,,,,,,,,,,,,,,,,,,,,,,,,,,,,,11.524844791426165,,,,,,inf,inf,0.0,,11.464590072107438,,,,,,,,
2020-02-18,,,,,,,,,,,,,,,,,,,,,,,,,,,,,,,,,,,,,,,,,,,,,,,,,,,,,,11.172285911616935,,,,,,inf,inf,,,11.1668537289591,,,,,,,,
2020-02-17,,,,,,,,,,,,,,,,,,,,,,,,,,,,,,,,,,,,,,,,,,,,,,,,,,,,,,10.219502980463727,,,,,,0.0,inf,,,10.184042166494937,,,,,,,,
2020-02-16,,,,,,,,,,,,,,,,,,,,,,,,,,,,,,,,,,,,,,,,,,,,,,,,,,,,,,8.161045651099235,,,,,,0.0,inf,,,8.140653357941348,,,,,,,,
2020-02-15,,,,,,,,,,,,,,,,,,,,,,,,,,,,,,,,,,,,,,,,,,,,,,,,,,,,,,5.221174567974092,,,,,,0.0,0.0,,,5.213146329752221,,,,,,,,
2020-02-14,,,,,,,,,,,,,,,,,,,,,,,,,,,,,,,,,,,,,,,,,,,,,,,,,,,,,,6.634049155977305,,,,,,,0.0,,,6.630385944083024,,,,,,,,
2020-02-13,,,,,,,,,,,,,,,,,,,,,,,,,,,,,,,,,,,,,,,,,,,,,,,,,,,,,,6.87623548358259,,,,,,,0.0,,,6.871366240072403,,,,,,,,
2020-02-12,,,,,,,,,,,,,,,,,,,,,,,,,,,,,,,,,,,,,,,,,,,,,,,,,,,,,,9.870292855812927,,,,,,,,,,9.889982750677067,,,,,,,,
2020-02-11,,,,,,,,,,,,,,,,,,,,,,,,,,,,,,,,,,,,,,,,,,,,,,,,,,,,,,6.429608291864465,,,,,,,,,,6.443273383990578,,,,,,,,
2020-02-10,,,,,,,,,,,,,,,,,,,,,,,,,,,,,,,,,,,,,,,,,,,,,,,,,,,,,,6.051584026594158,,,,,,,,,,6.065869294543168,,,,,,,,
2020-02-09,,,,,,,,,,,,,,,,,,,,,,,,,,,,,,,,,,,,,,,,,,,,,,,,,,,,,,5.809470128447913,,,,,,,,,,5.824923649410817,,,,,,,,
2020-02-08,,,,,,,,,,,,,,,,,,,,,,,,,,,,,,,,,,,,,,,,,,,,,,,,,,,,,,5.806915743291817,,,,,,,,,,5.824285091423794,,,,,,,,
2020-02-07,,,,,,,,,,,,,,,,,,,,,,,,,,,,,,,,,,,,,,,,,,,,,,,,,,,,,,5.462576736488795,,,,,,,,,,5.481119365253436,,,,,,,,
2020-02-06,,,,,,,,,,,,,,,,,,,,,,,,,,,,,,,,,,,,,,,,,,,,,,,,,,,,,,5.2405251043245515,,,,,,,,,,5.229857375081277,,,,,,,,
2020-02-05,,,,,,,,,,,,,,,,,,,,,,,,,,,,,,,,,,,,,,,,,,,,,,,,,,,,,,4.697987572128493,,,,,,,,,,4.689658229697942,,,,,,,,
2020-02-04,,,,,,,,,,,,,,,,,,,,,,,,,,,,,,,,,,,,,,,,,,,,,,,,,,,,,,3.2614734649049923,,,,,,,,,,3.240768985658433,,,,,,,,
2020-02-03,,,,,,,,,,,,,,,,,,,,,,,,,,,,,,,,,,,,,,,,,,,,,,,,,,,,,,3.010206373221145,,,,,,,,,,3.0,,,,,,,,
2020-02-02,,,,,,,,,,,,,,,,,,,,,,,,,,,,,,,,,,,,,,,,,,,,,,,,,,,,,,2.7829248694704867,,,,,,,,,,2.7726602371949953,,,,,,,,
2020-02-01,,,,,,,,,,,,,,,,,,,,,,,,,,,,,,,,,,,,,,,,,,,,,,,,,,,,,,3.1200409153654833,,,,,,,,,,3.1200409153654833,,,,,,,,
2020-01-31,,,,,,,,,,,,,,,,,,,,,,,,,,,,,,,,,,,,,,,,,,,,,,,,,,,,,,4.277851480484372,,,,,,,,,,4.277851480484372,,,,,,,,
2020-01-30,,,,,,,,,,,,,,,,,,,,,,,,,,,,,,,,,,,,,,,,,,,,,,,,,,,,,,2.8293865474442237,,,,,,,,,,2.8293865474442237,,,,,,,,
2020-01-29,,,,,,,,,,,,,,,,,,,,,,,,,,,,,,,,,,,,,,,,,,,,,,,,,,,,,,2.4039857825729554,,,,,,,,,,2.4039857825729554,,,,,,,,
2020-01-28,,,,,,,,,,,,,,,,,,,,,,,,,,,,,,,,,,,,,,,,,,,,,,,,,,,,,,1.8280359526101662,,,,,,,,,,1.8280359526101662,,,,,,,,
2020-01-27,,,,,,,,,,,,,,,,,,,,,,,,,,,,,,,,,,,,,,,,,,,,,,,,,,,,,,,,,,,,,,,,,,,,,,,,
2020-01-26,,,,,,,,,,,,,,,,,,,,,,,,,,,,,,,,,,,,,,,,,,,,,,,,,,,,,,,,,,,,,,,,,,,,,,,,
2020-01-25,,,,,,,,,,,,,,,,,,,,,,,,,,,,,,,,,,,,,,,,,,,,,,,,,,,,,,,,,,,,,,,,,,,,,,,,
